{
  "config": {
    "n_edge": 4,
    "hosts_per_edge": 4,
    "k_critical": 5,
    "iterations": 500,
    "lr": 0.001,
    "hidden_dim": 128,
    "entropy_coef": 0.01,
    "output_dir": "./results",
    "eval_episodes": 50,
    "seed": 42
  },
  "training_time_seconds": 2.222623586654663,
  "evaluation_results": {
    "cfr_rl": {
      "mean": 1.1480751295213008,
      "std": 0.29712252213069473,
      "min": 0.669553656490014,
      "max": 2.0190342202040568
    },
    "ecmp": {
      "mean": 1.1480751295213008,
      "std": 0.29712252213069473,
      "min": 0.669553656490014,
      "max": 2.0190342202040568
    },
    "top_k": {
      "mean": 1.1480751295213008,
      "std": 0.29712252213069473,
      "min": 0.669553656490014,
      "max": 2.0190342202040568
    },
    "random_k": {
      "mean": 1.1480751295213008,
      "std": 0.29712252213069473,
      "min": 0.669553656490014,
      "max": 2.0190342202040568
    }
  }
}